<?xml version="1.0" encoding="utf-8" ?>
<!-- Copyright 2016 The Android Open Source Project

     Licensed under the Apache License, Version 2.0 (the "License");
     you may not use this file except in compliance with the License.
     You may obtain a copy of the License at

          http://www.apache.org/licenses/LICENSE-2.0

     Unless required by applicable law or agreed to in writing, software
     distributed under the License is distributed on an "AS IS" BASIS,
     WITHOUT WARRANTIES OR CONDITIONS OF ANY KIND, either express or implied.
     See the License for the specific language governing permissions and
     limitations under the License.
-->

<MediaCodecs>
    <Encoders>
        <MediaCodec name="OMX.qcom.video.encoder.h263" type="video/3gpp" update="true">
            <!-- measured 90%:209-247 med:229 N=4 -->
            <Limit name="measured-frame-rate-176x144" range="227-227" /> <!-- v90%=1.1 -->
            <!-- measured 90%:148-162 med:149 N=4 -->
            <Limit name="measured-frame-rate-352x288" range="148-155" /> <!-- v90%=1.0 -->
            <!-- measured 90%:81-104 med:82 SLOW N=4 -->
            <Limit name="measured-frame-rate-704x576" range="81-92" /> <!-- v90%=1.1 -->
        </MediaCodec>
        <MediaCodec name="OMX.qcom.video.encoder.avc" type="video/avc" update="true">
            <!-- measured 90%:151-337 med:154 SLOW N=4 -->
            <Limit name="measured-frame-rate-320x240" range="153-226" /> <!-- v90%=1.5 -->
            <!-- measured 90%:89-114 med:91 SLOW N=4 -->
            <Limit name="measured-frame-rate-720x480" range="90-101" /> <!-- v90%=1.1 -->
            <!-- measured 90%:35-49 med:37 SLOW N=4 -->
            <Limit name="measured-frame-rate-1280x720" range="36-42" /> <!-- v90%=1.2 -->
            <!-- measured 90%:16-27 med:17 SLOW N=4 -->
            <Limit name="measured-frame-rate-1920x1080" range="16-21" /> <!-- v90%=1.3 -->
        </MediaCodec>
        <MediaCodec name="OMX.qcom.video.encoder.mpeg4" type="video/mp4v-es" update="true">
            <!-- measured 90%:215-276 med:242 N=4 -->
            <Limit name="measured-frame-rate-176x144" range="241-244" /> <!-- v90%=1.1 -->
            <!-- measured 90%:140-146 med:142 N=4 -->
            <Limit name="measured-frame-rate-352x288" range="141-143" /> <!-- v90%=1.0 -->
            <!-- measured 90%:48-49 med:48 N=4 -->
            <Limit name="measured-frame-rate-640x480" range="48-48" /> <!-- v90%=1.0 -->
        </MediaCodec>
        <MediaCodec name="OMX.qcom.video.encoder.vp8" type="video/x-vnd.on2.vp8" update="true">
            <!-- measured 90%:94-95 med:95 N=4 -->
            <Limit name="measured-frame-rate-320x180" range="94-95" /> <!-- v90%=1.0 -->
            <!-- measured 90%:80-84 med:81 N=4 -->
            <Limit name="measured-frame-rate-640x360" range="80-82" /> <!-- v90%=1.0 -->
            <!-- measured 90%:33-41 med:33 SLOW N=4 -->
            <Limit name="measured-frame-rate-1280x720" range="33-37" /> <!-- v90%=1.1 -->
            <!-- measured 90%:15-24 med:16 SLOW N=4 -->
            <Limit name="measured-frame-rate-1920x1080" range="16-19" /> <!-- v90%=1.2 -->
        </MediaCodec>
        <MediaCodec name="OMX.google.h263.encoder" type="video/3gpp" update="true">
            <!-- measured 90%:233-285 med:242 N=4 -->
            <Limit name="measured-frame-rate-176x144" range="241-257" /> <!-- v90%=1.1 -->
        </MediaCodec>
        <MediaCodec name="OMX.google.h264.encoder" type="video/avc" update="true">
            <!-- measured 90%:122-133 med:124 N=4 -->
            <Limit name="measured-frame-rate-320x240" range="124-127" /> <!-- v90%=1.0 -->
            <!-- measured 90%:41-45 med:42 N=4 -->
            <Limit name="measured-frame-rate-720x480" range="41-43" /> <!-- v90%=1.0 -->
            <!-- measured 90%:21-26 med:22 N=4 -->
            <Limit name="measured-frame-rate-1280x720" range="21-24" /> <!-- v90%=1.1 -->
            <!-- measured 90%:10-14 med:10 SLOW N=4 -->
            <Limit name="measured-frame-rate-1920x1080" range="10-12" /> <!-- v90%=1.1 -->
        </MediaCodec>
        <MediaCodec name="OMX.google.mpeg4.encoder" type="video/mp4v-es" update="true">
            <!-- measured 90%:222-287 med:228 SLOW N=4 -->
            <Limit name="measured-frame-rate-176x144" range="228-252" /> <!-- v90%=1.1 -->
        </MediaCodec>
        <MediaCodec name="OMX.google.vp8.encoder" type="video/x-vnd.on2.vp8" update="true">
            <!-- measured 90%:60-63 med:61 N=4 -->
            <Limit name="measured-frame-rate-320x180" range="60-61" /> <!-- v90%=1.0 -->
            <!-- measured 90%:36-37 med:36 N=4 -->
            <Limit name="measured-frame-rate-640x360" range="36-36" /> <!-- v90%=1.0 -->
            <!-- measured 90%:20-21 med:20 N=4 -->
            <Limit name="measured-frame-rate-1280x720" range="20-20" /> <!-- v90%=1.0 -->
            <!-- measured 90%:9-11 med:10 N=4 -->
            <Limit name="measured-frame-rate-1920x1080" range="9-10" /> <!-- v90%=1.0 -->
        </MediaCodec>
    </Encoders>
    <Decoders>
        <MediaCodec name="OMX.qcom.video.decoder.h263" type="video/3gpp" update="true">
            <!-- measured 90%:369-404 med:376 N=8 -->
            <Limit name="measured-frame-rate-176x144" range="375-386" /> <!-- v90%=1.0 -->
            <!-- measured 90%:352-385 med:372 N=8 -->
            <Limit name="measured-frame-rate-352x288" range="368-368" /> <!-- v90%=1.0 -->
        </MediaCodec>
        <MediaCodec name="OMX.qcom.video.decoder.avc" type="video/avc" update="true">
            <!-- measured 90%:315-329 med:322 N=8 -->
            <Limit name="measured-frame-rate-320x240" range="322-322" /> <!-- v90%=1.0 -->
            <!-- measured 90%:250-269 med:260 N=8 -->
            <Limit name="measured-frame-rate-720x480" range="259-259" /> <!-- v90%=1.0 -->
            <!-- measured 90%:125-127 med:126 N=8 -->
            <Limit name="measured-frame-rate-1280x720" range="125-126" /> <!-- v90%=1.0 -->
            <!-- measured 90%:61-62 med:61 N=7 -->
            <Limit name="measured-frame-rate-1920x1088" range="61-61" /> <!-- v90%=1.0 -->
        </MediaCodec>
        <MediaCodec name="OMX.qcom.video.decoder.mpeg4" type="video/mp4v-es" update="true">
            <!-- measured 90%:358-487 med:378 SLOW N=8 -->
            <Limit name="measured-frame-rate-176x144" range="377-418" /> <!-- v90%=1.2 -->
            <!-- measured 90%:356-402 med:369 N=8 -->
            <Limit name="measured-frame-rate-480x360" range="369-379" /> <!-- v90%=1.1 -->
        </MediaCodec>
        <MediaCodec name="OMX.qcom.video.decoder.vp8" type="video/x-vnd.on2.vp8" update="true">
            <!-- measured 90%:275-284 med:281 N=8 -->
            <Limit name="measured-frame-rate-320x180" range="279-279" /> <!-- v90%=1.0 -->
            <!-- measured 90%:315-331 med:320 N=8 -->
            <Limit name="measured-frame-rate-640x360" range="320-323" /> <!-- v90%=1.0 -->
            <!-- measured 90%:112-113 med:113 N=8 -->
            <Limit name="measured-frame-rate-1280x720" range="112-113" /> <!-- v90%=1.0 -->
            <!-- measured 90%:54-55 med:54 N=8 -->
            <Limit name="measured-frame-rate-1920x1080" range="54-54" /> <!-- v90%=1.0 -->
        </MediaCodec>
        <MediaCodec name="OMX.google.h263.decoder" type="video/3gpp" update="true">
            <!-- measured 90%:234-367 med:242 SLOW N=8 -->
            <Limit name="measured-frame-rate-176x144" range="241-293" /> <!-- v90%=1.3 -->
        </MediaCodec>
        <MediaCodec name="OMX.google.h264.decoder" type="video/avc" update="true">
            <!-- measured 90%:216-236 med:228 N=8 -->
            <Limit name="measured-frame-rate-320x240" range="226-226" /> <!-- v90%=1.0 -->
            <!-- measured 90%:78-81 med:79 N=8 -->
            <Limit name="measured-frame-rate-720x480" range="79-79" /> <!-- v90%=1.0 -->
            <!-- measured 90%:33-34 med:34 N=8 -->
            <Limit name="measured-frame-rate-1280x720" range="33-34" /> <!-- v90%=1.0 -->
            <!-- measured 90%:15-213 med:114 FLAKY(mn=15.0 < 17 - 122 < mx=214.2) RG.VARIANCE:2.4 -->
            <Limit name="measured-frame-rate-1920x1080" range="33-61" /> <!-- N=24 v90%=3.8 -->
        </MediaCodec>
        <MediaCodec name="OMX.google.hevc.decoder" type="video/hevc" update="true">
            <!-- measured 90%:233-262 med:248 N=8 -->
            <Limit name="measured-frame-rate-352x288" range="247-247" /> <!-- v90%=1.1 -->
            <!-- measured 90%:104-108 med:107 N=8 -->
            <Limit name="measured-frame-rate-640x360" range="106-106" /> <!-- v90%=1.0 -->
            <!-- measured 90%:89-94 med:93 N=10 -->
            <Limit name="measured-frame-rate-720x480" range="92-92" /> <!-- v90%=1.0 -->
            <!-- measured 90%:44-46 med:44 N=8 -->
            <Limit name="measured-frame-rate-1280x720" range="44-45" /> <!-- v90%=1.0 -->
            <!-- measured 90%:26-29 med:28 N=9 -->
            <Limit name="measured-frame-rate-1920x1080" range="27-28" /> <!-- v90%=1.0 -->
        </MediaCodec>
        <MediaCodec name="OMX.google.mpeg4.decoder" update="true">
            <!-- measured 90%:241-301 med:288 N=8 -->
            <Type name="video/mp4v-es">
                <Limit name="measured-frame-rate-176x144" range="222-269" /> <!-- v90%=1.1 -->
            </Type>
        </MediaCodec>
        <MediaCodec name="OMX.google.vp8.decoder" type="video/x-vnd.on2.vp8" update="true">
            <!-- measured 90%:339-361 med:348 N=8 -->
            <Limit name="measured-frame-rate-320x180" range="347-350" /> <!-- v90%=1.0 -->
            <!-- measured 90%:112-116 med:113 N=8 -->
            <Limit name="measured-frame-rate-640x360" range="112-114" /> <!-- v90%=1.0 -->
            <!-- measured 90%:25-27 med:26 N=8 -->
            <Limit name="measured-frame-rate-1280x720" range="25-26" /> <!-- v90%=1.0 -->
            <!-- measured 90%:10-11 med:10 N=8 -->
            <Limit name="measured-frame-rate-1920x1080" range="10-10" /> <!-- v90%=1.0 -->
        </MediaCodec>
        <MediaCodec name="OMX.google.vp9.decoder" type="video/x-vnd.on2.vp9" update="true">
            <!-- measured 90%:221-237 med:225 N=8 -->
            <Limit name="measured-frame-rate-320x180" range="225-229" /> <!-- v90%=1.0 -->
            <!-- measured 90%:95-98 med:96 N=8 -->
            <Limit name="measured-frame-rate-640x360" range="95-96" /> <!-- v90%=1.0 -->
            <!-- measured 90%:47-50 med:49 N=8 -->
            <Limit name="measured-frame-rate-1280x720" range="49-49" /> <!-- v90%=1.0 -->
            <!-- measured 90%:27-30 med:28 N=8 -->
            <Limit name="measured-frame-rate-1920x1080" range="28-28" /> <!-- v90%=1.0 -->
        </MediaCodec>
    </Decoders>
</MediaCodecs>
